"template_container_id","node_id","template_container_name","div_id","div_left_id","div_right_id","code_css","code_js","code_alinous","num_lines","has_paging","estimated_height"
"10","2","Middle of Standard Page","standard-middle","standard-middle-left","standard-middle-right","#standard-middle {
  width: 1000px;
  margin-left: auto;
  margin-right: auto;
  margin-top: 50px;
}

#standard-middle-left {
  width: 285px;
  float:left;
  padding: 0 15px 0 0;
  margin: 0;
}

#standard-middle-right {
  width: 700px;
  float:left;
}

","","return 0;","2","0","600"
"11","3","Middle of Search Page","search","search-left","search-right","#search {
  width: 1000px;
  margin-left: auto;
  margin-right: auto;
  margin-top: 50px;
}

#search-left {
  width: 285px;
  float:left;
  padding: 0 15px 0 0;
  margin: 0;
}

#search-right {
  width: 700px;
  float:left;
}


","","return 0;","2","0","600"
"12","4","Middle of Tag Page","tag","tag-left","tag-right","#tag {
  width: 1000px;
  margin-left: auto;
  margin-right: auto;
  margin-top: 50px;
}

#tag-left {
  width: 285px;
  float:left;
  padding: 0 15px 0 0;
  margin: 0;
}

#tag-right {
  width: 700px;
  float:left;
}


","","return 0;","2","0","600"
"13","6","blog top pageparts","blog_top","blog_top-left","blog_top-right","#blog_top {
  width: 100%;
  margin-left: auto;
  margin-right: auto;
}

#blog_top-left {
  width: 50%;
  float:left;
}

#blog_top-right {
  width: 50%;
  float:left;
}

","","return 0;","2","0","600"
"14","7","Blog Article Container","blog-article-main","blog-article-main-left","blog-article-main-right","
#blog-article-main {
  width: 100%;
  margin-left: auto;
  margin-right: auto;
}

#blog-article-main-left {
  width: 50%;
  float:left;
}

#blog-article-main-right {
  width: 50%;
  float:left;
}

","","return 0;","2","0","600"
"15","8","Blog Category","blog_category","blog_category-left","blog_category-right","
#blog_category {
  width: 100%;
  margin-left: auto;
  margin-right: auto;
}

#blog_category-left {
  width: 50%;
  float:left;
}

#blog_category-right {
  width: 50%;
  float:left;
}

","","return 0;","2","0","600"
