"estimated_height","node_id","code_html","code_css","template_primitive_name","is_embeded","code_js","code_alinous","is_paging","code_html_header","is_dynamic","code_max_page","template_primitive_id"
"400","42","<div id=""tags"">
  <div class=""sidetag"" alns:iterate=""@cms_tag_page"" alns:variable=""oneRecord"">
    <img src=""/tmplp/sp-tag/sp-page-tags/tag_red.png"" />
    	<a href=""{$oneRecord.url}"" alns:if=""{BOOL($oneRecord.url != null)}"">{$oneRecord.tag_name}</a>
    	<span alns:if=""{BOOL($oneRecord.url == null)}"">{$oneRecord.tag_name}</span>
  </div>
  <br style=""clear:both;"" />
</div>","#tags {
  width: 100%;
  margin: 0;
  padding: 0;
  clear: both;
}

#tags h2 {
  border-bottom: 1px solid #ddd;
  font-family: Georgia,""Times New Roman"",Times,serif;
  font-size: 24px;
  width: 100%;
}

#tags .sidetag {
  margin: 5px 5px 5px 5px;
  padding: 5px;
  float: left;
  
  border: 1px solid #b6b6b6 !important;
  box-shadow: 0 1px #efefef !important;
  
  border-radius: 5px; /* CSS3 */
  -webkit-border-radius: 5px; /* Safari,Google Chrome */
  -moz-border-radius: 5px; /* Firefox */
  
  font-family: ""Open Sans"",Helvetica,Arial,""Liberation Sans"",sans-serif;
}

#tags a{
  color: #21759b; 
}
#tags a:hover{
  color: #dadada; 
}","Smartphone Tags of thePage","0","","SELECT * INTO cms_tag_page
FROM
	cms_tag_page LEFT JOIN cms_tag
    ON
    	cms_tag_page.cms_tag_id = cms_tag.cms_tag_id
WHERE
	cms_tag_page.cms_page_id = $IN.cms_page_id;

$size = Array.size(@cms_tag_page);
for($i = 0; $i < $size; $i++){
	if($cms_tag_page[$i].tag_cms_page_id != 0){
		$cms_tag_page[$i].url = getUrl($cms_tag_page[$i].tag_cms_page_id);
    }
}

return 0;

function getUrl($cms_page_id)
{
    SELECT tree_model.page_path, tree_model.page_children,
    	cms_page.cms_page_id, cms_page.force_folder
    INTO tree_model
    FROM
        tree_model LEFT JOIN cms_page
        ON
            tree_model.node_id = cms_page.node_id
    WHERE
        tree_model.tree_id = 'cms' AND
        cms_page.cms_page_id = $cms_page_id;
  	
    $idx = String.indexOf($tree_model[0].page_path, ""/"", 1);
    $len = String.length($tree_model[0].page_path);
    $path = String.subString($tree_model[0].page_path, $idx, $len);
    
    if($tree_model[0].force_folder == 1 || $tree_model[0].page_children > 0){
    	return $path + ""/"";
    }
    
    return $path + "".html"";
}","0","","0","","45"
